City_ID,City,Lat,Lng,Max Temp,Humidity,Cloudiness,Wind Speed,Current Description
0,Albany,42.6,-73.97,78.01,73,75,18.34,thunderstorm
1,Port Elizabeth,-33.92,25.57,57.2,87,98,6.93,overcast clouds
2,San Patricio,19.22,-104.7,87.8,74,40,11.41,scattered clouds
3,Ushuaia,-54.8,-68.3,35.6,69,75,5.82,broken clouds
4,Cape Town,-33.93,18.42,59.0,87,20,6.93,few clouds
5,Maceio,-9.67,-35.74,73.4,83,20,4.7,few clouds
6,San Carlos De Bariloche,-41.15,-71.31,44.6,70,75,11.41,broken clouds
7,Lorengau,-2.02,147.27,79.83,82,98,7.65,moderate rain
8,Provideniya,64.38,-173.3,51.8,81,90,4.47,light intensity drizzle
9,Hilo,19.73,-155.09,78.8,78,90,5.82,moderate rain
10,Ostrovnoy,68.05,39.51,58.3,87,58,15.57,broken clouds
11,Busselton,-33.65,115.33,41.0,83,0,4.85,clear sky
12,Severo-Kurilsk,50.68,156.12,54.27,79,42,2.44,scattered clouds
13,Aswan,24.09,32.91,84.18,25,0,5.17,clear sky
14,Rikitea,-23.12,-134.97,70.66,84,78,20.65,light rain
15,Batagay-Alyta,67.8,130.41,35.06,90,99,7.43,overcast clouds
16,Pozo Colorado,-23.49,-58.8,61.68,74,67,5.95,broken clouds
17,Vardo,70.37,31.11,53.6,93,40,4.7,shower rain
18,Barrow,71.29,-156.79,44.6,81,90,10.29,overcast clouds
19,Hobart,-42.88,147.33,46.0,75,20,5.82,few clouds
20,Leh,34.17,77.58,60.85,28,0,3.78,clear sky
21,Port Alfred,-33.59,26.89,57.65,82,61,10.25,broken clouds
22,Torbay,47.67,-52.73,64.99,55,20,10.29,few clouds
23,Victoria,22.29,114.16,84.0,79,9,8.01,clear sky
24,Moose Factory,51.26,-80.61,55.4,71,1,11.41,clear sky
25,Waingapu,-9.66,120.26,75.7,78,30,5.64,scattered clouds
26,Inta,66.03,60.17,41.63,85,0,4.21,clear sky
27,Lata,40.16,-8.33,68.0,72,0,1.99,clear sky
28,Faanui,-16.48,-151.75,76.89,78,18,17.85,few clouds
29,Port Lincoln,-34.73,135.87,49.87,74,66,3.04,broken clouds
30,Antsohihy,-14.88,47.99,69.4,66,81,9.84,broken clouds
31,Punta Arenas,-53.15,-70.92,33.8,80,75,28.86,broken clouds
32,Nabire,-3.37,135.48,75.92,84,99,2.82,overcast clouds
33,Bondo,3.81,23.69,69.55,89,100,2.08,overcast clouds
34,Biu,10.61,12.19,65.61,100,100,3.49,overcast clouds
35,Arraial Do Cabo,-22.97,-42.03,68.0,68,75,3.36,broken clouds
36,Chokurdakh,70.63,147.92,35.82,84,100,10.65,overcast clouds
37,Ayorou,14.73,0.92,88.97,49,99,15.66,overcast clouds
38,Tasiilaq,65.61,-37.64,39.2,100,0,3.36,mist
39,Najran,17.49,44.13,87.8,19,100,2.24,overcast clouds
40,Butaritari,3.07,172.79,83.1,69,61,10.16,broken clouds
41,Tabou,4.42,-7.35,76.19,81,93,7.9,overcast clouds
42,Alofi,-19.06,-169.92,78.8,69,40,19.46,scattered clouds
43,Chuy,-33.7,-53.46,53.42,86,0,10.49,clear sky
44,Pavlikeni,43.24,25.32,70.0,77,23,4.7,few clouds
45,Leningradskiy,69.38,178.42,44.29,86,98,12.86,overcast clouds
46,Mataura,-46.19,168.86,53.01,91,12,4.0,few clouds
47,Coihaique,-45.58,-72.07,37.4,86,90,5.82,overcast clouds
48,Bluff,-46.6,168.33,53.01,91,35,4.0,scattered clouds
49,Haines Junction,60.75,-137.51,63.77,51,77,5.35,broken clouds
50,Sur,22.57,59.53,79.25,78,46,11.1,scattered clouds
51,Komsomolskiy,40.43,71.72,73.4,43,0,9.17,clear sky
52,Tilaran,10.47,-84.97,78.8,83,75,13.87,broken clouds
53,Tiksi,71.69,128.87,40.1,75,96,12.03,overcast clouds
54,Carnarvon,-24.87,113.63,60.8,82,0,12.75,clear sky
55,Pevek,69.7,170.31,37.62,96,100,2.73,light rain
56,Tsivilsk,55.86,47.47,60.8,67,40,6.71,scattered clouds
57,Mount Gambier,-37.83,140.77,41.0,93,75,6.93,broken clouds
58,Iqaluit,63.75,-68.51,46.4,75,40,5.82,scattered clouds
59,Lagoa,39.05,-27.98,73.17,90,0,14.54,clear sky
60,Hermanus,-34.42,19.23,55.99,95,100,6.53,overcast clouds
61,Kuznechnoye,61.12,29.87,62.01,93,94,6.08,light rain
62,Tessalit,20.2,1.01,90.43,38,92,17.13,overcast clouds
63,Talnakh,69.49,88.4,60.8,67,100,8.95,overcast clouds
64,Kamenka,51.32,42.77,52.0,81,0,0.27,clear sky
65,Moyamba,8.17,-12.43,73.62,96,100,3.33,light rain
66,Russell,32.35,-85.2,78.8,88,20,3.36,light intensity drizzle
67,Hammerfest,70.66,23.68,51.8,100,75,16.11,drizzle
68,Ancud,-41.87,-73.82,46.4,93,90,9.17,overcast clouds
69,Bonavista,48.65,-53.11,60.01,86,54,1.01,broken clouds
70,Mar Del Plata,-38.0,-57.56,50.0,87,0,16.11,clear sky
71,Dakoro,14.51,6.76,84.78,58,68,10.54,broken clouds
72,Matara,5.95,80.54,77.25,87,35,4.52,scattered clouds
73,Kodiak,57.79,-152.41,60.8,77,90,4.7,overcast clouds
74,New Norfolk,-42.78,147.06,46.0,83,9,3.87,clear sky
75,Ribeira Grande,38.52,-28.7,73.38,89,3,10.18,clear sky
76,Parabel,58.7,81.48,47.79,94,71,3.98,broken clouds
77,Gandzak,40.31,45.11,62.6,45,41,2.24,scattered clouds
78,Yellowknife,62.46,-114.35,62.6,48,20,5.82,few clouds
79,Marsabit,2.33,37.99,62.51,87,90,25.93,overcast clouds
80,Manacapuru,-3.3,-60.62,80.6,69,20,4.7,few clouds
81,Castro,-24.79,-50.01,48.27,95,13,9.44,few clouds
82,Sitka,57.05,-135.33,57.2,82,90,3.36,light rain
83,Esperance,-33.87,121.9,48.2,100,59,9.17,broken clouds
84,Pokrovskoye,47.42,38.9,63.07,42,0,3.6,clear sky
85,Jishou,28.32,109.72,76.55,88,0,1.52,clear sky
86,Gornopravdinsk,60.05,69.9,52.07,97,83,6.4,broken clouds
87,Gboko,7.32,9.0,73.42,88,100,2.89,overcast clouds
88,Wajir,1.75,40.06,73.42,66,83,13.24,broken clouds
89,Verkhniy Fiagdon,42.83,44.31,50.0,93,88,6.71,overcast clouds
90,Oskarshamn,57.26,16.45,55.99,92,0,3.0,clear sky
91,Eyl,7.98,49.82,75.58,71,67,23.2,broken clouds
92,Qaanaaq,77.48,-69.36,36.46,88,100,4.18,light rain
93,Cooma,-36.23,149.13,35.6,74,3,9.17,clear sky
94,Tuktoyaktuk,69.45,-133.04,68.0,60,75,11.41,broken clouds
95,Presidencia Roque Saenz Pena,-26.79,-60.44,63.82,47,45,5.39,scattered clouds
96,Puerto Ayora,-0.74,-90.35,77.0,57,71,16.11,broken clouds
97,Atuona,-9.8,-139.03,78.49,77,1,15.46,light rain
98,Hualmay,-11.1,-77.61,61.84,78,7,8.72,clear sky
99,Ugoofaaru,5.67,73.0,83.16,70,89,6.46,moderate rain
100,Vaini,-21.2,-175.2,80.6,83,20,10.29,few clouds
101,Lebu,-37.62,-73.65,51.06,91,100,17.83,light rain
102,Kapaa,22.08,-159.32,89.01,66,20,12.75,few clouds
103,Porto Novo,6.5,2.6,75.2,94,20,10.29,few clouds
104,Codrington,-38.27,141.97,45.57,84,83,6.82,light rain
105,Antalaha,-14.9,50.28,66.92,85,71,7.52,broken clouds
106,Port Macquarie,-31.43,152.92,55.99,49,0,3.0,clear sky
107,Villa Carlos Paz,-31.42,-64.5,66.99,23,0,9.17,clear sky
108,Takoradi,4.88,-1.76,73.71,90,14,7.63,few clouds
109,Padang,-0.95,100.35,78.21,70,92,4.47,overcast clouds
110,Polis,35.04,32.43,73.4,56,0,6.93,clear sky
111,Georgetown,5.41,100.34,78.8,94,20,1.12,few clouds
112,Caravelas,-17.71,-39.25,70.05,75,100,12.1,overcast clouds
113,Saint-Philippe,-21.36,55.77,68.0,68,36,5.82,scattered clouds
114,Bredasdorp,-34.53,20.04,57.2,87,100,1.12,overcast clouds
115,Korla,41.76,86.15,75.47,34,0,2.86,clear sky
116,Rio Rancho,35.23,-106.66,95.0,14,75,9.17,smoke
117,San Vicente,-26.62,-54.13,52.56,94,0,3.0,clear sky
118,Buala,-8.14,159.59,82.67,77,96,6.78,light rain
119,Turukhansk,65.82,87.98,50.99,90,27,8.72,scattered clouds
120,Souillac,-20.52,57.52,71.6,78,40,16.11,shower rain
121,Lompoc,34.64,-120.46,81.0,65,1,13.87,clear sky
122,Coquimbo,-29.95,-71.34,57.2,54,75,9.17,broken clouds
123,Jamestown,42.1,-79.24,81.0,61,1,3.36,clear sky
124,Ponta Do Sol,32.67,-17.1,75.2,64,20,20.8,few clouds
125,Kavaratti,10.57,72.64,81.68,81,92,13.91,overcast clouds
126,Boa Vista,2.82,-60.67,80.6,65,40,11.41,shower rain
127,La Baule-Escoublac,47.29,-2.36,61.0,87,59,8.05,broken clouds
128,Lodja,-3.48,23.43,69.76,91,100,3.24,light rain
129,Taoudenni,22.68,-3.98,103.12,8,0,15.21,clear sky
130,Ban Tak,17.04,99.08,75.2,100,90,4.7,light rain
131,Sao Joao Da Barra,-21.64,-41.05,69.8,68,40,11.41,scattered clouds
132,Chegdomyn,51.12,133.02,59.94,91,100,2.21,light rain
133,Manokwari,-0.87,134.08,80.69,70,62,2.66,light rain
134,Enshi,30.3,109.48,74.89,86,27,0.69,light rain
135,Tutoia,-2.76,-42.27,79.21,79,2,14.27,clear sky
136,Khatanga,71.97,102.5,56.73,65,98,9.22,overcast clouds
137,Muros,42.78,-9.06,66.0,81,1,1.99,clear sky
138,Matongo,-2.38,34.08,75.24,39,100,6.49,overcast clouds
139,Marrakesh,31.63,-8.01,89.6,27,40,6.93,scattered clouds
140,Konevo,62.12,39.32,57.81,96,100,5.59,overcast clouds
141,Mehamn,71.04,27.85,55.4,87,100,8.05,overcast clouds
142,Ilulissat,69.22,-51.1,44.6,65,0,3.36,clear sky
143,Mocuba,-16.84,36.99,62.35,87,50,1.92,scattered clouds
144,Hofn,64.25,-15.21,50.05,76,97,2.19,overcast clouds
145,Ampanihy,-24.7,44.75,64.17,85,0,1.59,clear sky
146,East London,-33.02,27.91,59.7,76,4,7.14,clear sky
147,Vila Velha,-20.33,-40.29,72.0,72,30,12.75,scattered clouds
148,Cherskiy,68.75,161.3,38.52,94,100,10.29,light rain
149,Seddon,-37.81,144.89,46.99,93,40,8.05,scattered clouds
150,Tyukhtet,56.54,89.3,53.83,98,100,4.83,moderate rain
151,Clyde River,70.47,-68.59,42.49,86,100,4.23,light rain
152,Diffa,13.32,12.61,80.01,66,97,10.16,overcast clouds
153,La Romana,18.43,-68.97,84.2,79,75,11.41,broken clouds
154,Nemuro,43.32,145.57,64.81,90,4,7.9,clear sky
155,Tobolsk,58.2,68.27,50.49,94,90,8.16,overcast clouds
156,Anadyr,64.75,177.48,53.6,87,40,6.71,light rain
157,Sala,34.04,-6.82,70.0,93,0,2.8,clear sky
158,Mahebourg,-20.41,57.7,71.6,78,40,16.11,shower rain
159,San Quintin,30.48,-115.95,79.65,58,0,12.48,clear sky
160,Cuenca,-2.88,-78.98,69.8,37,65,13.87,broken clouds
161,Jiaonan,35.88,119.98,80.6,83,40,8.95,scattered clouds
162,Przeworsk,50.06,22.49,61.0,100,61,4.94,broken clouds
163,Tirumullaivasal,11.23,79.83,80.4,85,50,12.1,moderate rain
164,Opuwo,-18.06,13.84,55.72,44,2,1.57,clear sky
165,Thinadhoo,0.53,72.93,83.14,72,83,8.93,broken clouds
166,Nikolskoye,59.7,30.79,63.0,82,100,2.24,overcast clouds
167,Klaksvik,62.23,-6.59,44.6,87,73,1.12,broken clouds
168,Tuatapere,-46.13,167.68,53.01,88,51,8.01,broken clouds
169,Cerrik,41.03,19.98,71.6,83,23,3.36,few clouds
170,Hithadhoo,-0.6,73.08,82.54,79,68,13.13,light rain
171,Ust-Shonosha,61.15,41.34,58.93,90,100,5.73,overcast clouds
172,Vestmannaeyjar,63.44,-20.27,52.12,75,74,5.17,broken clouds
173,Swift Current,50.28,-107.8,82.4,21,1,8.05,clear sky
174,Kuzovatovo,53.55,47.69,54.25,82,3,4.59,clear sky
175,Pangnirtung,66.15,-65.71,49.35,68,100,3.38,overcast clouds
176,Ixtapa,20.7,-105.2,89.6,66,20,9.17,few clouds
177,Whitley Bay,55.04,-1.45,54.0,93,75,2.24,moderate rain
178,Bistrica,47.13,24.5,70.0,84,41,1.7,scattered clouds
179,Huilong,31.81,121.66,80.01,93,0,4.34,clear sky
180,Puerto Leguizamo,-0.19,-74.78,75.51,78,56,2.95,broken clouds
181,Seoul,37.57,126.98,75.2,88,1,2.86,clear sky
182,Ahipara,-35.17,173.17,57.88,79,89,20.09,light rain
183,Cidreira,-30.18,-50.21,60.75,83,0,17.56,clear sky
184,Libreville,0.39,9.45,78.8,83,40,8.05,scattered clouds
185,Yulara,-25.24,130.99,50.0,37,0,5.82,clear sky
186,Loja,-3.99,-79.2,61.39,76,32,2.42,light rain
187,Kutum,14.2,24.67,69.24,83,99,18.1,moderate rain
188,Kavieng,-2.57,150.8,77.18,92,99,13.49,heavy intensity rain
189,Upernavik,72.79,-56.15,43.29,88,93,1.63,overcast clouds
190,Dikson,73.51,80.55,44.98,83,0,11.25,clear sky
191,Faya,18.39,42.45,69.8,77,44,4.59,scattered clouds
192,Beipiao,41.79,120.78,64.29,97,100,8.12,heavy intensity rain
193,Avarua,-21.21,-159.78,77.0,69,6,12.75,clear sky
194,Senanga,-16.12,23.27,60.6,38,2,6.31,clear sky
195,Ciuhoiu,47.23,22.12,68.0,93,68,1.12,broken clouds
196,Longyearbyen,78.22,15.64,41.0,65,4,6.93,clear sky
197,Wajima,37.4,136.9,79.07,78,7,4.09,clear sky
198,Chincha Alta,-13.41,-76.13,62.6,77,90,4.7,overcast clouds
199,Bhachau,23.28,70.35,76.5,94,100,14.76,heavy intensity rain
200,Geraldton,-28.77,114.6,46.4,93,0,10.29,clear sky
201,Ballina,-28.87,153.57,55.99,43,0,14.99,clear sky
202,Umm Kaddadah,13.6,26.69,82.11,62,92,10.65,light rain
203,Bowen,-20.02,148.23,66.0,82,37,5.82,scattered clouds
204,Kurumkan,54.3,110.3,57.58,86,97,2.04,light rain
205,Deputatskiy,69.3,139.9,33.17,92,100,5.08,overcast clouds
206,Iguape,-24.71,-47.56,61.54,83,3,8.12,light rain
207,Labrea,-7.26,-64.8,79.14,37,0,1.88,clear sky
208,Egvekinot,66.32,-179.17,49.15,86,96,0.76,light rain
209,Gravdal,68.12,13.5,52.97,77,76,17.63,broken clouds
210,Cururupu,-1.83,-44.87,75.22,92,45,3.71,scattered clouds
211,Cabo San Lucas,22.89,-109.91,91.4,52,20,9.17,few clouds
212,Kununurra,-15.77,128.73,60.8,21,0,5.19,clear sky
213,Olafsvik,64.89,-23.71,50.38,73,7,6.4,clear sky
214,Airai,-8.93,125.41,62.22,39,46,5.14,scattered clouds
215,Maumere,-8.62,122.21,76.93,71,56,3.69,broken clouds
216,Havelock,34.88,-76.9,80.6,83,75,9.17,broken clouds
217,Saint-Francois,46.42,3.91,57.2,76,32,2.53,scattered clouds
218,Nagato,34.38,131.2,80.6,88,75,5.82,broken clouds
219,Ubajara,-3.85,-40.92,69.26,73,60,3.69,broken clouds
220,Mvangue,2.97,11.52,67.48,98,100,3.6,light rain
221,Rudnyy,52.96,63.12,48.2,93,40,8.95,scattered clouds
222,Wattegama,6.8,81.48,78.8,100,20,4.7,few clouds
223,Kalmunai,7.42,81.82,78.46,79,10,9.31,clear sky
224,Conceicao Do Araguaia,-8.26,-49.26,84.9,36,67,3.4,broken clouds
225,Todos Santos,23.45,-110.22,81.0,80,30,3.0,scattered clouds
226,Sao Joao De Pirabas,-0.77,-47.18,79.29,82,93,8.19,light rain
227,Troitsko-Pechorsk,62.71,56.2,48.27,94,3,3.15,clear sky
228,Saskylakh,71.92,114.08,45.64,70,0,8.72,clear sky
229,Saint George,37.1,-113.58,104.0,16,1,4.7,clear sky
230,Acapulco,16.86,-99.89,86.0,74,40,6.93,scattered clouds
231,Pontes E Lacerda,-15.23,-59.34,77.31,41,2,0.74,clear sky
232,Dois Vizinhos,-25.73,-53.06,53.76,92,0,3.13,clear sky
233,Luganville,-15.53,167.17,78.8,94,90,6.93,heavy intensity shower rain
234,Hami,42.8,93.45,76.19,26,78,3.6,light rain
235,Mamallapuram,12.63,80.17,82.4,74,75,11.41,broken clouds
236,Tecoanapa,16.52,-98.75,83.48,76,17,8.5,light rain
237,Port Hedland,-20.32,118.57,57.2,71,0,4.7,clear sky
238,Hamilton,39.18,-84.53,84.99,62,20,10.29,few clouds
239,Caraballeda,10.61,-66.85,82.4,78,75,5.82,broken clouds
240,Ampere,-25.91,-53.47,54.18,90,0,3.58,clear sky
241,Muyezerskiy,63.93,31.65,52.83,92,1,6.02,clear sky
242,Sumbe,-11.21,13.84,68.85,89,9,0.74,clear sky
243,Constitucion,-35.33,-72.42,52.12,78,100,15.35,overcast clouds
244,Grindavik,63.84,-22.43,48.2,87,37,6.93,scattered clouds
245,Virginia Beach,36.85,-75.98,88.0,58,75,10.29,broken clouds
246,Nouadhibou,20.93,-17.03,75.2,78,0,13.87,clear sky
247,Santona,43.44,-3.46,68.0,82,20,1.92,few clouds
248,Toguchin,55.24,84.39,50.68,91,22,4.9,few clouds
249,Pakxan,18.38,103.66,74.62,95,100,0.56,overcast clouds
250,Broome,42.25,-75.83,81.0,69,20,4.7,few clouds
251,Luderitz,-26.65,15.16,57.65,72,0,10.45,clear sky
252,Port Shepstone,-30.74,30.45,61.5,55,0,5.61,clear sky
253,Hasaki,35.73,140.83,79.0,94,75,6.93,broken clouds
254,San Rafael,-34.62,-68.33,58.75,30,0,4.45,clear sky
255,Naze,28.37,129.48,84.2,89,75,18.34,broken clouds
256,Onda,39.97,-0.25,78.01,78,30,1.81,scattered clouds
257,Mitchell,43.71,-98.03,95.0,32,1,9.17,clear sky
258,Yar-Sale,66.83,70.83,49.89,95,38,13.89,scattered clouds
259,Urbano Santos,-3.21,-43.4,75.43,88,31,5.59,scattered clouds
260,Hoquiam,46.98,-123.89,68.0,72,1,13.87,clear sky
261,Durango,24.83,-104.83,76.46,34,19,16.53,few clouds
262,Conde,-7.26,-34.91,71.6,88,76,5.82,broken clouds
263,Norwood,42.19,-71.2,73.99,88,90,9.17,heavy intensity rain
264,Hinganghat,20.57,78.83,75.2,94,75,4.7,mist
265,Shakawe,-18.37,21.85,60.55,50,0,4.54,clear sky
266,Port Blair,11.67,92.75,81.25,83,99,8.21,overcast clouds
267,Saint-Pierre,-21.34,55.48,66.2,68,12,5.82,few clouds
268,Aklavik,68.22,-135.01,69.8,52,75,11.41,broken clouds
269,San Cristobal,7.77,-72.22,87.8,43,40,21.92,scattered clouds
270,Ghanzi,-21.57,21.78,59.05,48,0,6.89,clear sky
271,Ouesso,1.61,16.05,71.51,92,99,2.71,overcast clouds
272,Inhambane,-23.86,35.38,64.87,76,0,8.32,clear sky
273,Ankang,32.68,109.02,70.47,90,100,3.24,light rain
274,Aksu,41.12,80.26,73.24,35,0,1.72,clear sky
275,Loei,17.42,101.5,64.18,100,100,2.1,light rain
276,Sabang,5.89,95.32,83.16,73,56,7.96,light rain
277,Pacific Grove,36.62,-121.92,75.0,68,1,3.36,smoke
278,Lincent,50.71,5.04,60.8,77,83,11.41,broken clouds
279,Lavrentiya,65.58,-171.0,47.43,93,100,5.86,overcast clouds
280,Pochutla,15.74,-96.47,73.4,88,90,3.89,thunderstorm with heavy rain
281,Yerofey Pavlovich,53.97,121.97,51.3,95,100,6.76,light rain
282,Zabaykalsk,49.63,117.32,59.81,82,39,8.43,scattered clouds
283,Los Algarrobos,8.5,-82.43,84.2,74,40,4.7,scattered clouds
284,Port Hawkesbury,45.62,-61.35,71.6,56,90,5.82,overcast clouds
285,Hambantota,6.12,81.12,78.8,100,20,4.7,few clouds
286,Ulladulla,-35.35,150.47,48.2,57,0,16.11,clear sky
287,Gangakher,18.95,76.75,73.11,88,91,7.11,overcast clouds
288,Oskemen,49.96,82.61,50.0,87,100,4.18,overcast clouds
289,Petropavlovsk-Kamchatskiy,53.05,158.65,53.6,100,40,6.71,scattered clouds
290,Antofagasta,-23.65,-70.4,57.2,76,20,9.17,few clouds
291,Gua Musang,4.88,101.96,72.1,92,58,0.87,broken clouds
292,San Ignacio,17.16,-89.07,89.6,62,40,6.93,thunderstorm
293,Saldanha,-33.01,17.94,55.4,87,58,5.82,broken clouds
294,Bathsheba,13.22,-59.52,82.4,78,20,9.17,few clouds
295,Anamur,36.08,32.84,69.8,68,0,5.82,clear sky
296,Horsham,51.06,-0.33,60.01,72,98,9.17,overcast clouds
297,Evensk,61.95,159.23,50.38,51,96,6.31,overcast clouds
298,Laurens,32.45,-82.92,78.01,88,75,3.36,light rain
299,San Francisco,37.77,-122.42,78.8,56,75,17.22,broken clouds
300,Krivosheino,57.34,83.93,49.03,97,42,2.26,scattered clouds
301,Norman Wells,65.28,-126.83,71.6,43,20,18.34,few clouds
302,Bicas,-21.73,-43.06,63.0,67,94,2.73,light rain
303,Zatoka,46.07,30.47,66.2,88,0,7.54,clear sky
304,Magadan,59.57,150.8,49.08,50,0,5.7,clear sky
305,Baikunthpur,23.25,82.55,73.44,91,100,3.27,overcast clouds
306,College,64.86,-147.8,68.0,56,75,3.36,broken clouds
307,Kvitok,56.07,98.48,50.83,87,31,2.84,scattered clouds
308,Casino,-28.87,153.05,55.99,43,0,8.05,clear sky
309,Bengkulu,-3.8,102.27,75.09,87,100,4.14,overcast clouds
310,Port Hardy,50.7,-127.42,60.8,77,75,3.36,broken clouds
311,Saint-Augustin,51.23,-58.65,59.79,75,71,6.96,broken clouds
312,Union,40.63,-74.27,84.99,58,40,4.7,scattered clouds
313,Pisco,-13.7,-76.22,62.6,77,90,4.7,overcast clouds
314,Puerto Escondido,15.85,-97.07,80.6,69,90,5.77,drizzle
315,Yumen,40.28,97.2,61.27,32,18,2.82,few clouds
316,Necochea,-38.55,-58.74,55.99,60,7,14.0,clear sky
317,Buchanan,5.88,-10.05,77.0,94,40,10.94,scattered clouds
318,Nome,64.5,-165.41,55.0,87,90,9.17,overcast clouds
319,Waren,53.52,12.68,60.01,92,18,8.68,few clouds
320,Namibe,-15.2,12.15,64.18,90,61,0.63,broken clouds
321,Bafia,4.75,11.23,69.35,97,100,3.06,light rain
322,Sao Filipe,14.9,-24.5,79.41,82,73,7.61,broken clouds
323,Petauke,-14.24,31.33,62.17,61,47,7.58,scattered clouds
324,Okhotsk,59.38,143.3,52.93,64,26,2.39,scattered clouds
325,Chumikan,54.72,135.31,58.41,58,36,8.72,scattered clouds
326,Rockhampton,-23.38,150.5,53.6,50,0,5.82,clear sky
327,Cayenne,4.93,-52.33,77.0,94,32,1.12,scattered clouds
328,Kenai,60.55,-151.26,62.6,77,90,13.87,light rain
329,Rudbar,30.15,62.6,88.86,43,0,11.99,clear sky
330,Wangaratta,-36.37,146.33,39.2,100,3,6.93,clear sky
331,Minna,9.61,6.56,73.04,93,100,3.02,light rain
332,Bazarnyy Karabulak,52.27,46.41,55.0,75,0,3.87,clear sky
333,Dzaoudzi,-12.79,45.27,71.6,88,66,8.05,broken clouds
334,Naliya,23.27,68.83,81.66,85,100,15.01,moderate rain
335,Camacha,33.08,-16.33,73.4,78,20,12.75,few clouds
336,Flinders,-34.58,150.86,52.0,59,0,8.01,clear sky
337,Marquette,46.53,-87.63,71.01,89,38,1.99,scattered clouds
338,Amot,59.57,7.99,50.0,71,1,1.99,clear sky
339,Katsuura,35.13,140.3,79.0,89,100,5.01,overcast clouds
340,Alta Floresta,-9.88,-56.09,82.87,30,1,3.71,clear sky
341,Kanniyakumari,8.08,77.57,79.3,81,11,16.22,few clouds
342,Marfino,55.7,37.38,64.0,77,100,4.47,overcast clouds
343,Mahibadhoo,3.78,72.97,82.38,67,77,1.66,light rain
344,Xining,36.62,101.77,52.18,79,22,2.19,few clouds
345,Sorland,67.67,12.69,53.06,79,36,17.96,scattered clouds
346,Fomboni,-12.28,43.74,75.74,67,80,0.36,broken clouds
347,Gazli,40.13,63.45,79.18,31,53,13.49,broken clouds
348,Atar,20.52,-13.05,98.13,27,35,12.88,scattered clouds
349,Sinnamary,5.38,-52.95,80.17,82,56,10.42,broken clouds
350,Nanortalik,60.14,-45.24,44.94,84,0,5.97,clear sky
351,Qiongshan,20.01,110.35,77.0,94,29,2.24,scattered clouds
352,Bethel,41.37,-73.41,82.99,54,1,5.82,clear sky
353,North Platte,41.12,-100.77,98.6,29,1,10.29,clear sky
354,Kathu,7.92,98.33,84.99,94,20,2.24,few clouds
355,Covington,39.08,-84.51,84.99,62,20,10.29,few clouds
356,Zhob,31.34,69.45,79.75,57,2,2.1,clear sky
357,Baturaja,-4.13,104.17,72.16,91,95,2.26,overcast clouds
358,Asau,46.43,26.4,64.99,88,36,3.76,light rain
359,Kloulklubed,7.04,134.26,80.6,83,75,4.7,broken clouds
360,Bela,25.93,81.98,80.89,81,78,4.05,broken clouds
361,Mildura,-34.2,142.15,39.99,100,0,3.36,clear sky
362,Coahuayana,18.73,-103.68,80.6,83,75,17.22,moderate rain
363,Jumla,29.27,82.18,60.69,71,96,1.14,overcast clouds
364,Kakori,26.88,80.8,78.8,94,75,2.24,mist
365,Muhos,64.81,25.99,57.2,87,13,6.93,few clouds
366,Fairbanks,64.84,-147.72,68.0,59,90,2.75,overcast clouds
367,Acurenam,1.03,10.65,68.5,91,100,4.41,overcast clouds
368,Ola,59.58,151.28,50.0,49,1,9.86,clear sky
369,Richards Bay,-28.78,32.04,63.45,80,0,7.7,clear sky
370,Dasoguz,41.84,59.97,73.4,46,0,20.8,clear sky
371,Gamarra,8.32,-73.74,82.35,77,58,2.26,light rain
372,Talakan,50.32,130.37,66.85,75,61,7.14,broken clouds
373,Podosinovets,60.28,47.07,58.53,94,96,4.74,overcast clouds
374,Tura,25.52,90.22,73.62,97,6,4.32,clear sky
375,Dunedin,-45.87,170.5,50.0,94,100,1.01,overcast clouds
376,Trat,12.5,102.5,75.88,93,100,2.59,overcast clouds
377,Hanford,36.33,-119.65,95.0,38,90,2.57,haze
378,Oktyabrskoye,43.06,44.74,50.0,93,69,6.71,broken clouds
379,Starogard Gdanski,53.96,18.53,60.8,72,3,6.93,clear sky
380,Riyadh,24.69,46.72,95.0,14,39,6.93,scattered clouds
381,Vanimo,-2.67,141.3,77.25,85,100,4.27,light rain
382,Salalah,17.02,54.09,77.0,94,90,6.93,light intensity drizzle
383,Sukhumi,43.0,41.02,62.37,67,0,8.03,clear sky
384,Mao,39.89,4.27,71.6,73,0,4.7,clear sky
385,Bubaque,11.28,-15.83,80.83,82,98,10.6,overcast clouds
386,Kelheim,48.92,11.87,62.01,76,20,4.7,few clouds
387,Sibolga,1.74,98.78,75.87,77,49,3.0,scattered clouds
388,Avera,33.19,-82.53,78.8,100,1,3.36,clear sky
389,Stornoway,58.21,-6.39,48.99,81,52,1.12,broken clouds
390,Monster,52.03,4.17,62.01,94,82,4.0,heavy intensity rain
391,Calama,-22.47,-68.93,60.8,36,75,20.8,broken clouds
392,Monrovia,6.3,-10.8,77.0,94,40,14.36,scattered clouds
393,Koutiala,12.39,-5.46,75.6,86,65,6.13,broken clouds
394,Aurora,39.73,-104.83,96.8,8,75,8.05,broken clouds
395,Ketchikan,55.34,-131.65,60.8,87,90,4.7,overcast clouds
396,Tiznit,29.58,-9.5,89.11,27,42,1.63,scattered clouds
397,Mwense,-10.38,28.7,69.22,48,60,9.01,broken clouds
398,Adrar,20.5,-10.07,99.03,18,9,12.33,clear sky
399,Khandyga,62.67,135.6,48.0,51,97,3.56,overcast clouds
400,Arlit,18.74,7.39,88.05,39,100,20.02,overcast clouds
401,Ust-Maya,60.42,134.53,52.41,50,57,1.59,broken clouds
402,Gazojak,41.19,61.4,77.88,38,0,18.7,clear sky
403,Lanzhou,36.06,103.79,59.0,82,0,3.33,clear sky
404,Patacamaya,-17.23,-67.92,48.42,63,0,9.82,clear sky
405,Northam,51.03,-4.22,60.01,94,96,10.0,light rain
406,Narsaq,60.92,-46.05,53.6,66,8,11.41,clear sky
407,Emmett,43.87,-116.5,89.6,29,1,10.02,haze
408,Hohhot,40.81,111.65,55.4,93,90,0.78,fog
409,Senador Pompeu,-5.59,-39.37,79.09,40,56,8.16,broken clouds
410,Bayburt,40.26,40.23,46.45,80,0,1.5,clear sky
411,Anjozorobe,-18.4,47.87,50.0,93,20,5.82,few clouds
412,Yarada,17.65,83.27,82.4,94,75,3.36,mist
413,Kastamonu,41.5,33.67,55.04,84,0,0.96,clear sky
414,Puerto Narino,-3.77,-70.38,69.8,94,90,3.36,overcast clouds
415,Port Lavaca,28.61,-96.63,91.4,63,40,8.05,scattered clouds
416,Muroto,33.28,134.15,77.0,83,20,9.17,few clouds
417,Te Anau,-45.42,167.72,46.9,73,91,0.81,overcast clouds
418,Hearst,49.68,-83.67,71.87,52,78,6.4,broken clouds
419,Sept-Iles,50.2,-66.38,59.0,77,75,9.17,broken clouds
420,Bara,10.37,10.73,70.52,92,97,4.85,overcast clouds
421,Marsa Matruh,31.35,27.25,78.8,69,0,5.82,clear sky
422,Varzea Alegre,-5.35,-40.38,79.77,30,68,6.49,broken clouds
423,Pratapgarh,24.03,74.78,73.22,97,100,16.62,light rain
424,Kaoma,-14.78,24.8,58.24,43,0,6.69,clear sky
425,Port Pirie,-33.18,138.02,42.8,93,75,5.82,broken clouds
426,Bouguenais,47.18,-1.62,59.0,87,66,2.24,broken clouds
427,Garissa,-0.45,39.64,73.36,72,61,18.23,broken clouds
428,Nuzvid,16.78,80.85,78.35,90,100,0.76,light rain
429,Wanning,18.8,110.4,80.06,85,99,8.41,overcast clouds
430,Sangar,63.92,127.47,47.57,64,98,9.57,overcast clouds
431,Bangui,4.36,18.55,75.2,94,20,3.36,few clouds
432,Redlands,34.06,-117.18,100.0,37,4,10.65,clear sky
433,Masallatah,32.62,14.0,76.57,85,57,11.18,broken clouds
434,Lianzhou,24.78,112.38,78.6,85,4,0.92,clear sky
435,Kulhudhuffushi,6.62,73.07,83.43,69,65,7.11,light rain
436,Menzelinsk,55.73,53.1,57.2,100,0,6.71,fog
437,Dondo,-19.61,34.74,62.6,93,8,6.93,clear sky
438,Praia Da Vitoria,38.73,-27.07,75.2,83,20,6.15,few clouds
439,Zihuatanejo,17.63,-101.55,87.8,74,40,5.82,scattered clouds
440,Nanakuli,21.39,-158.15,89.6,52,75,6.93,broken clouds
441,Shiraz,29.6,52.54,80.6,28,3,5.32,clear sky
442,Chara,56.91,118.26,55.85,78,100,2.57,light rain
443,Brus Laguna,15.75,-84.48,84.15,78,5,7.47,clear sky
444,Henties Bay,-22.12,14.28,53.01,91,0,3.0,clear sky
445,Laguna,38.42,-121.42,98.01,11,1,9.17,haze
446,Rio Grande,-32.03,-52.1,57.99,88,0,4.0,clear sky
447,Mbumi,-7.91,39.21,71.47,83,26,2.15,scattered clouds
448,Rovereto,45.89,11.04,68.0,87,61,1.01,broken clouds
449,Thompson,55.74,-97.86,55.4,93,90,4.7,mist
450,Ketou,7.36,2.6,70.88,90,44,3.96,scattered clouds
451,Rehoboth,-23.32,17.08,52.47,41,0,5.66,clear sky
452,Jamnagar,22.47,70.07,80.91,84,100,16.51,moderate rain
453,Sokolo,14.73,-6.12,83.3,57,31,7.74,scattered clouds
454,Nishihara,26.18,127.76,80.6,88,90,24.16,thunderstorm
455,Kazerun,29.62,51.65,78.57,36,1,2.59,clear sky
456,Kaeo,-35.1,173.78,57.99,3,78,4.0,light rain
457,Yanam,16.73,82.22,77.07,93,100,2.55,overcast clouds
458,Andenes,69.31,16.12,51.8,81,100,9.17,light rain
459,Cacequi,-29.88,-54.83,56.59,79,0,11.9,clear sky
460,Mgachi,51.05,142.27,64.11,77,97,2.37,overcast clouds
461,Dhidhdhoo,6.88,73.1,82.8,71,47,7.05,light rain
462,Umm Lajj,25.02,37.27,82.92,58,0,0.45,clear sky
463,Mangai,-4.05,19.53,74.32,86,100,1.19,moderate rain
464,Lasa,46.62,10.7,57.2,82,5,5.82,clear sky
465,Port-Gentil,-0.72,8.78,78.8,78,75,12.8,broken clouds
466,Roald,62.58,6.13,48.2,76,80,16.11,light rain
467,Waddan,29.16,16.14,74.64,54,0,7.36,clear sky
468,Suez,29.97,32.53,76.32,61,0,9.73,clear sky
469,Luau,-10.71,22.22,63.55,35,11,3.24,few clouds
470,Mareeba,-17.0,145.43,64.4,59,29,10.29,scattered clouds
471,Noumea,-22.28,166.46,73.0,94,90,3.36,overcast clouds
472,Roebourne,-20.78,117.13,73.51,32,67,2.35,broken clouds
473,Ileza,61.05,43.9,59.09,91,100,7.47,overcast clouds
474,Natal,-5.79,-35.21,77.0,73,65,10.29,broken clouds
475,Prieska,-29.66,22.75,57.45,40,0,5.55,clear sky
476,Nuuk,64.18,-51.72,41.0,93,90,4.7,overcast clouds
477,Paita,-5.09,-81.11,62.67,80,2,14.92,clear sky
478,Paracuru,-3.41,-39.03,79.0,75,96,21.99,overcast clouds
479,Bam,29.11,58.36,88.34,27,76,4.38,broken clouds
480,Qasigiannguit,68.82,-51.19,44.6,65,0,3.36,clear sky
481,Guerrero Negro,27.98,-114.06,83.62,47,28,20.24,scattered clouds
482,Valparaiso,-33.04,-71.63,55.4,66,53,13.87,broken clouds
483,Fort Walton Beach,30.41,-86.62,80.6,83,75,4.7,broken clouds
484,Dukat,62.55,155.55,33.21,94,100,3.74,overcast clouds
485,San Jeronimo,-11.95,-75.28,55.2,51,27,7.38,scattered clouds
486,Darhan,49.49,105.92,54.43,86,21,2.82,few clouds
487,Mitsamiouli,-11.38,43.28,75.16,71,30,1.59,scattered clouds
488,Qabaqcol,41.72,46.26,59.0,93,90,4.7,light intensity drizzle
489,Khasan,42.43,130.64,69.66,93,100,3.89,overcast clouds
490,Elizabeth City,36.29,-76.25,84.2,79,1,11.41,clear sky
491,Rock Sound,24.9,-76.2,84.63,79,13,27.38,light rain
492,Darnah,32.77,22.64,78.51,77,0,19.35,clear sky
493,Montreal,45.51,-73.59,82.0,69,40,5.82,scattered clouds
494,Pandaria,22.23,81.42,75.04,89,35,2.39,scattered clouds
495,Bukama,-9.2,25.85,71.28,46,14,1.9,few clouds
496,La Ronge,55.1,-105.28,68.0,52,75,14.99,broken clouds
497,Husavik,66.04,-17.34,46.4,81,78,8.05,broken clouds
498,Mount Isa,-20.73,139.5,57.2,30,3,17.54,clear sky
499,Huancavelica,-12.77,-74.98,44.15,72,56,7.11,light rain
500,Rocha,-34.48,-54.33,49.21,92,0,7.72,clear sky
501,Wasilla,61.58,-149.44,63.0,82,90,4.7,light rain
502,Whitehorse,60.72,-135.05,62.6,67,75,2.24,broken clouds
503,Gunnedah,-30.98,150.25,44.6,81,0,5.82,clear sky
504,Boden,65.83,21.69,53.6,76,0,5.82,clear sky
505,Srednekolymsk,67.45,153.68,38.25,77,100,11.23,overcast clouds
506,Bambous Virieux,-20.34,57.76,71.6,78,40,16.11,shower rain
507,Skalat,49.43,25.98,69.01,73,99,3.0,light rain
508,Newtownards,54.59,-5.69,51.8,87,28,8.05,scattered clouds
509,Progreso,21.28,-89.67,87.8,62,75,6.93,broken clouds
510,Yaroslavl,57.63,39.87,60.8,93,100,2.24,light rain
511,Starominskaya,46.53,39.05,63.12,42,0,5.64,clear sky
512,Loralai,30.37,68.6,78.58,57,0,5.61,clear sky
513,Gisborne,-38.65,178.0,64.99,45,0,11.01,clear sky
514,Karaton,-6.34,106.1,78.8,78,20,2.24,haze
515,Barcelos,41.54,-8.62,70.0,88,3,4.14,clear sky
516,Byron Bay,-28.65,153.62,55.99,43,0,14.99,clear sky
517,Tatawin,32.93,10.45,82.4,58,0,5.82,clear sky
518,Helena,46.59,-112.04,91.4,17,1,17.22,clear sky
519,Alice Springs,-23.7,133.88,51.8,37,0,9.1,clear sky
520,Surt,31.21,16.59,78.62,82,0,6.73,clear sky
521,Nalut,30.33,10.85,78.19,43,0,12.68,clear sky
522,Forest Grove,45.52,-123.11,82.99,37,1,4.7,clear sky
523,Manado,1.49,124.85,73.4,88,20,1.12,few clouds
524,Goderich,43.75,-81.72,84.99,67,0,3.0,clear sky
525,Bagdarin,54.43,113.6,50.54,91,100,3.98,overcast clouds
526,Chapais,49.78,-74.85,68.0,45,1,6.93,clear sky
527,Digha,21.68,87.55,80.42,86,100,5.91,light rain
528,Adzope,6.11,-3.86,70.97,94,23,3.31,few clouds
529,Beloha,-25.17,45.05,65.16,82,0,4.59,clear sky
530,Taltal,-25.4,-70.48,51.89,78,29,1.54,scattered clouds
531,Cockburn Town,21.46,-71.14,84.43,80,100,24.11,overcast clouds
532,Mandal,25.45,74.57,76.89,90,86,7.05,moderate rain
533,Bandarbeyla,9.49,50.81,75.45,75,93,31.05,overcast clouds
534,Panguna,-6.32,155.48,73.22,90,100,1.66,overcast clouds
535,Jonkoping,57.78,14.16,54.0,93,11,10.29,few clouds
536,Popondetta,-8.75,148.25,82.76,63,98,2.48,overcast clouds
537,Tautira,-17.73,-149.15,80.6,65,75,4.7,broken clouds
538,Grand Gaube,-20.01,57.66,71.01,77,26,5.99,light rain
539,Iguatemi,-23.68,-54.56,59.9,90,0,6.76,clear sky
540,Meadow Lake,34.8,-106.54,97.0,14,75,20.8,broken clouds
541,Kahului,20.89,-156.47,91.4,52,20,24.16,few clouds
542,Constantine,36.37,6.61,71.6,73,1,2.24,clear sky
543,Kruisfontein,-34.0,24.73,55.0,84,100,1.01,overcast clouds
544,Mulege,26.88,-111.98,94.41,39,0,8.05,clear sky
545,Mae Hong Son,19.3,97.97,73.54,88,100,2.1,overcast clouds
546,Orange Cove,36.62,-119.31,91.4,52,1,3.36,haze
547,Fortuna,40.6,-124.16,66.99,72,20,13.87,few clouds
548,Mombetsu,44.35,143.35,69.35,72,95,3.02,overcast clouds
549,Ferrol,43.48,-8.24,66.99,88,10,4.7,clear sky
550,Christchurch,-43.53,172.63,53.01,93,88,9.17,overcast clouds
551,Karratha,-20.74,116.85,72.5,35,56,2.13,broken clouds
552,Mineros,-17.12,-63.23,71.6,49,0,16.11,clear sky
553,Keetmanshoop,-26.58,18.13,57.4,33,0,5.79,clear sky
554,Olga,43.74,135.29,68.58,86,91,0.74,overcast clouds
555,Maniitsoq,65.42,-52.9,45.1,88,60,5.19,broken clouds
556,Muisne,0.6,-80.03,80.6,78,75,8.05,broken clouds
557,Smirnykh,49.75,142.83,59.88,89,80,3.56,broken clouds
558,Selenginsk,52.01,106.86,57.2,93,90,4.47,overcast clouds
559,Lomza,53.18,22.06,60.94,75,65,6.73,broken clouds
560,Kolosovka,56.47,73.61,48.56,96,33,5.99,scattered clouds
561,Jalu,29.03,21.55,80.55,42,0,17.94,clear sky
562,Meulaboh,4.14,96.13,76.44,86,91,5.77,overcast clouds
563,Rio Gallegos,-51.62,-69.22,37.4,55,20,14.99,few clouds
564,Magistralnyy,56.17,107.45,54.97,86,98,3.44,light rain
565,Los Llanos De Aridane,28.66,-17.92,79.0,83,10,18.34,clear sky
566,Limon,10.0,-83.03,86.0,70,5,5.82,light rain
567,Biskamzha,53.45,89.53,49.5,90,76,3.29,broken clouds
568,Luanda,-8.84,13.23,69.8,88,75,3.36,broken clouds
569,Coruripe,-10.13,-36.18,72.81,80,17,6.55,few clouds
570,Harnosand,62.63,17.94,55.0,100,98,6.93,light rain
571,Fougeres,48.35,-1.2,60.8,77,90,5.82,overcast clouds
572,Zdvinsk,54.7,78.66,51.46,94,26,4.88,scattered clouds
573,Samarai,-10.62,150.67,76.41,75,100,14.58,overcast clouds
574,Shetpe,44.17,52.12,66.06,58,87,10.33,overcast clouds
575,Panaba,21.28,-88.27,83.7,83,84,9.75,moderate rain
576,Itoman,26.12,127.67,80.6,94,75,31.09,light intensity shower rain
577,Sorong,-0.88,131.25,77.59,89,72,7.74,broken clouds
578,Yining,29.04,114.56,79.12,83,0,1.25,clear sky
579,Pareora,-44.49,171.21,53.01,97,100,1.66,overcast clouds
580,Derzhavinsk,51.1,66.32,56.52,76,39,6.06,scattered clouds
581,Miri,4.41,114.01,73.4,100,20,3.36,few clouds
582,Rodrigues Alves,-7.74,-72.65,80.6,57,20,2.24,few clouds
583,Grants Pass,42.44,-123.33,90.0,27,1,4.7,clear sky
584,Dubti,11.74,41.09,85.14,59,60,13.44,moderate rain
585,Lincoln,40.8,-96.67,96.01,46,1,12.75,clear sky
586,Touros,-5.2,-35.46,73.4,83,20,8.05,few clouds
587,Nanyang,32.99,112.53,75.0,90,99,3.38,overcast clouds
588,Hobyo,5.35,48.53,75.56,78,34,24.14,scattered clouds
589,Fuerte Olimpo,-21.04,-57.87,69.1,67,0,4.7,clear sky
590,Sabha,27.04,14.43,79.29,28,0,8.08,clear sky
591,Bambanglipuro,-7.95,110.28,73.44,88,12,6.08,few clouds
592,Kaitangata,-46.28,169.85,53.01,91,95,17.0,overcast clouds
593,Kedrovyy,56.17,91.82,53.6,93,40,5.5,fog
594,Bulungu,-4.55,18.6,76.77,72,98,2.59,overcast clouds
595,Tshikapa,-6.42,20.8,77.05,73,100,5.66,overcast clouds
596,Cap Malheureux,-19.98,57.61,71.01,77,30,5.99,light rain
597,Sigli,5.38,95.96,78.67,79,98,3.02,overcast clouds
598,Lewisburg,35.45,-86.79,86.0,55,1,4.7,clear sky
599,Dingle,11.0,122.67,79.36,85,47,2.68,scattered clouds
600,Longjiang,47.33,123.18,66.76,88,100,1.99,overcast clouds
601,Shorapani,42.09,43.09,62.6,93,75,3.36,broken clouds
602,Gonzalez,30.58,-87.29,77.0,94,90,5.82,mist
603,Nuevo Casas Grandes,30.42,-107.92,95.0,19,19,1.01,few clouds
604,Manono,-7.3,27.42,77.81,39,77,3.38,broken clouds
605,Saint-Denis,48.92,2.33,63.0,67,95,2.24,overcast clouds
606,Butte,39.65,-121.57,99.0,19,65,8.05,haze
607,Sungairaya,0.7,108.9,77.02,89,100,3.51,overcast clouds
608,Eydhafushi,5.1,73.07,82.04,70,93,2.39,light rain
609,North Bend,43.41,-124.22,78.01,72,1,21.92,clear sky
610,Llanelli,51.68,-4.16,63.0,82,69,17.22,light rain
611,Moron,-34.65,-58.62,62.01,51,0,8.05,clear sky
612,Ofaqim,31.31,34.62,71.01,31,0,1.99,clear sky
613,Belaya Gora,68.53,146.42,39.63,71,97,9.4,overcast clouds
614,Zhigansk,66.77,123.37,42.69,80,15,17.29,few clouds
615,Shimoda,34.67,138.95,72.0,91,48,1.01,scattered clouds
616,Bardiyah,31.76,25.09,74.95,83,0,8.59,clear sky
617,Mikun,62.35,50.08,57.88,96,100,2.13,overcast clouds
618,Chai Badan,15.2,101.13,81.0,83,99,5.14,overcast clouds
619,Trinidad,-14.83,-64.9,75.2,60,0,3.78,clear sky
620,Angoche,-16.23,39.91,69.19,81,12,6.76,few clouds
621,Touho,-20.78,165.23,75.09,73,39,6.29,scattered clouds
622,Mezen,65.85,44.24,58.33,96,100,8.63,overcast clouds
623,Chunoyar,57.45,97.32,52.34,88,29,2.35,scattered clouds
624,Kirakira,-10.45,161.92,83.23,72,100,7.56,light rain
625,Kijang,35.24,129.21,77.0,83,20,4.7,few clouds
626,Kudahuvadhoo,2.67,72.89,82.36,70,91,2.04,light rain
627,Imbituba,-28.24,-48.67,60.8,93,75,4.7,broken clouds
628,Bintulu,3.17,113.03,75.2,94,40,2.24,scattered clouds
629,Salaya,22.32,69.6,81.57,83,100,17.67,moderate rain
630,Nyurba,63.28,118.33,46.27,69,0,3.83,clear sky
631,Tanggu,39.02,117.65,69.8,94,75,15.66,light intensity shower rain
632,Loiza,18.43,-65.88,84.2,83,75,11.41,light rain
633,Bima,-8.47,118.72,74.3,84,5,3.33,clear sky
634,Mugur-Aksy,50.35,90.5,41.61,69,100,1.68,overcast clouds
635,Adre,13.47,22.2,72.57,86,100,13.47,moderate rain
636,Portland,45.52,-122.68,84.0,36,20,12.75,few clouds
637,Skibbereen,51.55,-9.27,55.4,100,75,5.82,light rain
638,Altamira,-3.2,-52.21,77.0,88,40,8.05,scattered clouds
639,Paamiut,61.99,-49.67,42.4,90,8,4.9,clear sky
640,Charters Towers,-20.1,146.27,61.83,30,24,7.63,few clouds
641,Toora-Khem,52.47,96.11,43.99,82,88,3.11,overcast clouds
642,Road Town,18.42,-64.62,84.2,74,40,12.75,scattered clouds
643,Tangzhai,34.43,116.59,82.99,86,83,1.01,broken clouds
644,Khor,47.89,134.95,65.8,82,94,5.32,overcast clouds
645,Monywa,22.12,95.13,78.48,82,99,11.48,overcast clouds
646,San Andres,12.58,-81.7,86.0,74,40,4.7,scattered clouds
647,Manzhouli,49.6,117.43,60.42,81,40,7.76,scattered clouds
648,Barauli,26.4,84.58,82.36,75,8,4.14,clear sky
649,Rodez,44.5,2.58,61.0,77,43,5.82,scattered clouds
650,Yerbogachen,61.28,108.01,47.8,63,19,7.38,few clouds
651,Broken Hill,-31.95,141.43,42.8,75,14,3.36,few clouds
652,Fort Nelson,58.81,-122.7,59.0,82,75,3.36,light rain
653,Champerico,14.3,-91.92,84.2,74,75,11.41,broken clouds
654,Romny,50.75,33.47,59.94,55,0,8.66,clear sky
655,Verkhnyaya Inta,65.98,60.31,41.83,84,0,4.29,clear sky
656,Pandan,14.05,124.17,82.02,79,98,7.11,overcast clouds
657,Pangody,65.85,74.49,53.73,90,91,7.99,light rain
658,Namatanai,-3.67,152.43,82.06,75,89,5.28,light rain
659,Sayyan,15.17,44.32,68.25,52,95,0.27,overcast clouds
660,Zeya,53.75,127.27,57.61,87,100,1.57,light rain
661,Shitanjing,39.23,106.34,66.15,47,0,7.87,clear sky
662,Sassandra,4.95,-6.08,73.47,90,86,6.4,overcast clouds
663,Moussoro,13.64,16.49,78.67,78,47,9.64,scattered clouds
664,Harper,4.38,-7.72,76.59,79,97,8.75,overcast clouds
665,Nhulunbuy,-12.23,136.77,77.0,61,40,10.29,scattered clouds
666,Linqiong,30.42,103.46,71.01,100,40,6.71,light intensity shower rain
667,Saint-Louis,16.33,-15.0,87.8,62,97,2.24,overcast clouds
668,Svetlogorsk,52.63,29.73,63.77,98,98,5.12,light rain
669,Krylovskaya,46.32,39.97,62.73,48,0,6.04,clear sky
670,Romanovka,51.74,42.75,55.6,71,0,0.6,clear sky
671,Oriximina,-1.77,-55.87,82.72,54,14,2.91,few clouds
672,Skelleftea,64.75,20.95,53.6,81,53,5.82,broken clouds
673,Cabra,37.47,-4.44,79.0,39,0,4.81,clear sky
674,Lazaro Cardenas,17.96,-102.2,84.07,77,35,6.85,light rain
675,Palana,59.12,159.97,45.45,88,100,7.92,light rain
676,Jiazi,22.88,116.07,81.27,80,32,5.19,scattered clouds
677,Gunjur,13.2,-16.73,80.6,94,75,2.86,broken clouds
678,Lalpur,22.2,69.97,79.11,89,100,13.96,moderate rain
679,Hope,33.67,-93.59,93.0,42,46,3.0,scattered clouds
680,Paide,58.89,25.56,57.99,99,29,6.93,scattered clouds
681,Bada,51.39,109.87,54.54,88,96,4.09,overcast clouds
